Date,TRY,RUB,EGP,BRL,ARS,COP,ZAR,KRW
2020-01-02,5.9523,62.0258,16.001,4.0189,59.8301,3246.4348,14.0439,1156.1545
2020-01-03,5.9615,61.9201,15.9764,4.0311,59.8289,3267.1739,14.1455,1160.5917
2020-01-04,5.9683,61.9461,15.9746,4.0466,59.8065,3278.9565,14.2387,1164.1479
2020-01-05,5.9686,61.9549,15.9746,4.0474,59.8065,3278.9565,14.2451,1164.3388
2020-01-06,5.9712,61.9668,15.995,4.048,59.7651,3288.3696,14.2499,1166.0717
2020-01-07,5.9733,61.9249,16.0308,4.0605,59.7773,3256.8496,14.2635,1167.3723
2020-01-08,5.9607,61.8379,16.0447,4.068,59.8119,3218.625,14.2578,1167.6208
2020-01-09,5.9204,61.5586,16.0261,4.0643,59.8039,3208.2292,14.2186,1164.7925
2020-01-10,5.8825,61.2989,15.9684,4.073,59.8016,3259.9321,14.2303,1160.2069
2020-01-11,5.8727,61.2805,15.9277,4.0803,59.7881,3324.7391,14.2633,1159.0301
2020-01-12,5.8729,61.2808,15.9277,4.0803,59.7881,3324.7391,14.2627,1159.0502
2020-01-13,5.8687,61.1842,15.9473,4.0949,59.8071,3337.5,14.3051,1158.9859
2020-01-14,5.8729,61.2296,15.9236,4.1254,59.8922,3295.2554,14.3842,1158.1553
2020-01-15,5.8818,61.4258,15.8676,4.1467,59.9827,3229.0625,14.4063,1157.0648
2020-01-16,5.8724,61.5296,15.8374,4.1619,59.9728,3287.2201,14.4011,1157.3036
2020-01-17,5.8687,61.5592,15.7901,4.1758,59.9678,3359.5,14.4209,1158.5016
2020-01-18,5.8751,61.5372,15.7603,4.1799,59.9969,3362.4348,14.4332,1159.2301
2020-01-19,5.8768,61.533,15.7603,4.1795,59.9969,3362.4348,14.4365,1159.4731
2020-01-20,5.8951,61.5349,15.7837,4.1801,59.9899,3358.1304,14.4746,1159.2449
2020-01-21,5.9198,61.6512,15.7631,4.1875,59.9965,3350.6739,14.5028,1162.3852
2020-01-22,5.9261,61.8382,15.7347,4.195,60.0323,3348.7609,14.4527,1165.6297
2020-01-23,5.9272,61.9076,15.7442,4.1855,60.0709,3353.5217,14.3985,1166.6876
2020-01-24,5.9287,61.8655,15.7348,4.1752,60.0802,3356.6522,14.3903,1167.6084
2020-01-25,5.9341,61.8603,15.7314,4.1752,60.0732,3356.2609,14.3928,1168.0513
2020-01-26,5.9412,61.8886,15.7314,4.1754,60.0732,3356.2609,14.3974,1168.8739
2020-01-27,5.9438,62.1905,15.7348,4.1892,60.0877,3366.2174,14.4648,1171.0458
2020-01-28,5.9454,62.5844,15.7583,4.2024,60.1324,3401.413,14.5683,1175.7832
2020-01-29,5.9485,62.6118,15.7784,4.2001,60.1626,3426.6522,14.6079,1178.4835
2020-01-30,5.9638,62.8327,15.7867,4.2231,60.193,3448.0217,14.6677,1183.7699
2020-01-31,5.9793,63.3385,15.7949,4.2558,60.2234,3469.3913,14.8184,1191.7316
2020-02-01,5.9829,63.5654,15.7949,4.2636,60.2234,3469.3913,14.9093,1194.6545
2020-02-02,5.9829,63.5726,15.7949,4.2637,60.2234,3469.3913,14.9135,1194.8515
2020-02-03,5.9834,63.6975,15.7845,4.2648,60.2896,3471.8913,14.9194,1194.2153
2020-02-04,5.9816,63.5923,15.7773,4.2517,60.4118,3456.587,14.8639,1191.3505
2020-02-05,5.9805,63.0694,15.7759,4.2392,60.512,3418.913,14.7715,1186.2086
2020-02-06,5.9848,62.9276,15.7435,4.2419,60.5583,3388.6304,14.7893,1184.4022
2020-02-07,5.9922,63.3803,15.7088,4.2658,60.6198,3382.8478,14.9147,1187.9975
2020-02-08,5.9966,63.6885,15.7017,4.2894,60.6791,3387.4783,14.9909,1190.5953
2020-02-09,5.9949,63.713,15.7017,4.291,60.6791,3387.4783,14.9955,1191.0902
2020-02-10,6.004,63.8743,15.7153,4.3037,60.7248,3408.5217,15.0184,1189.62
2020-02-11,6.0181,63.9024,15.6948,4.3167,60.8787,3444.9565,14.9704,1186.5306
2020-02-12,6.027,63.4632,15.6566,4.3265,61.044,3452.9565,14.8555,1183.0299
2020-02-13,6.0429,63.2807,15.6609,4.3396,61.1534,3436.5435,14.8413,1181.1858
2020-02-14,6.0534,63.4777,15.6438,4.3373,61.3025,3370.2609,14.8774,1182.7231
2020-02-15,6.0541,63.5389,15.6181,4.3303,61.3992,3313.0,14.881,1183.881
2020-02-16,6.0546,63.5429,15.6181,4.3299,61.3992,3313.0,14.8795,1183.7406
2020-02-17,6.0515,63.5227,15.6455,4.3189,61.4256,3379.8261,14.9013,1183.6911
2020-02-18,6.055,63.604,15.6527,4.3237,61.5172,3444.9565,14.9774,1186.2128
2020-02-19,6.0666,63.7022,15.6107,4.3516,61.631,3454.0217,15.0008,1189.4264
2020-02-20,6.0831,63.7165,15.5815,4.3724,61.6989,3393.6413,15.0244,1195.5769
2020-02-21,6.1015,64.0021,15.5429,4.3882,61.7394,3337.7917,15.079,1204.9235
2020-02-22,6.1083,64.271,15.5116,4.3958,61.7606,3353.0833,15.0795,1209.0089
2020-02-23,6.1104,64.2783,15.5116,4.3962,61.7606,3353.0833,15.0834,1209.3964
2020-02-24,6.1206,64.6113,15.5201,4.3917,61.7894,3363.6667,15.0896,1212.7123
2020-02-25,6.1349,65.1557,15.5293,4.3876,61.8328,3375.0417,15.1378,1216.5406
2020-02-26,6.1466,65.4279,15.5309,4.3916,61.8326,3371.1667,15.2036,1215.6834
2020-02-27,6.1623,65.5405,15.541,4.427,61.9618,3446.5109,15.2809,1212.771
2020-02-28,6.1974,66.2065,15.5564,4.4712,62.113,3537.7391,15.4519,1210.5694
2020-02-29,6.2232,66.8369,15.5626,4.4841,62.1202,3548.9565,15.5682,1209.5046
2020-03-01,6.2257,66.8837,15.5626,4.4853,62.1202,3548.9565,15.5871,1209.0738
2020-03-02,6.2233,66.9152,15.5867,4.4858,62.175,3553.4348,15.608,1204.0092
2020-03-03,6.1973,66.7514,15.6204,4.4882,62.2439,3481.9774,15.5829,1196.0246
2020-03-04,6.1308,66.1905,15.6197,4.5024,62.2756,3463.4774,15.4197,1188.9424
2020-03-05,6.0887,66.1123,15.6232,4.5554,62.3127,3526.087,15.3636,1186.3455
2020-03-06,6.0958,67.2155,15.6162,4.6191,62.3746,3555.3696,15.5632,1187.8341
2020-03-07,6.1007,68.081,15.5954,4.641,62.417,3579.4783,15.6946,1188.3322
2020-03-08,6.1046,68.1902,15.5954,4.64,62.417,3579.4783,15.7463,1189.0934
2020-03-09,6.114,70.7178,15.6106,4.6715,62.4425,3591.8043,15.8731,1193.3348
2020-03-10,6.1252,73.2252,15.6455,4.7144,62.5002,3713.5652,15.9727,1197.0363
2020-03-11,6.1669,71.6782,15.6985,4.661,62.5821,3791.9091,16.0468,1190.7721
2020-03-12,6.2312,73.0536,15.6809,4.7563,62.5828,3797.6364,16.2852,1198.1809
2020-03-13,6.2838,73.5436,15.6744,4.807,62.8363,4057.4286,16.2471,1208.4175
2020-03-14,6.2988,72.9316,15.6744,4.7491,62.8363,4057.4286,16.1966,1208.5024
2020-03-15,6.2961,72.875,15.6744,4.7425,62.8363,4057.4286,16.2017,1209.0693
2020-03-16,6.3668,73.9064,15.6766,4.8343,62.9068,3984.0952,16.4729,1220.0057
2020-03-17,6.4394,74.7563,15.7095,4.9807,63.0474,4050.0476,16.6293,1235.6311
2020-03-18,6.4559,77.1786,15.7504,5.0579,63.1996,4071.8571,16.8293,1250.8115
2020-03-19,6.51,80.3635,15.7224,5.145,63.3399,4108.0476,17.2421,1262.5144
2020-03-20,6.5252,79.3646,15.7159,5.1068,63.5307,4132.5238,17.3629,1256.0053
2020-03-21,6.5255,79.1122,15.7159,5.0609,63.5307,4132.5238,17.391,1250.8997
2020-03-22,6.5267,79.0978,15.7159,5.0558,63.5307,4132.5238,17.4016,1249.1937
2020-03-23,6.5667,79.8809,15.7245,5.0457,63.7461,4052.4286,17.5852,1257.2931
2020-03-24,6.5151,79.2526,15.7619,5.1,63.783,4100.3333,17.6133,1252.0464
2020-03-25,6.4336,78.2938,15.7179,5.0795,63.7831,4033.5238,17.4369,1237.9767
2020-03-26,6.4327,78.0816,15.725,5.0226,64.0334,4018.8571,17.4198,1225.1296
2020-03-27,6.4366,78.0861,15.7182,5.0345,64.2127,3981.1905,17.5066,1222.7684
2020-03-28,6.4501,78.4373,15.7182,5.0657,64.2127,3981.1905,17.5709,1224.898
2020-03-29,6.4541,78.4724,15.7182,5.0693,64.2127,3981.1905,17.5834,1224.589
2020-03-30,6.5151,79.3296,15.7235,5.1074,64.3971,3977.2857,17.7723,1222.2884
2020-03-31,6.5788,79.1134,15.7188,5.1718,64.4064,4030.0,17.9065,1223.9949
2020-04-01,6.6405,78.6919,15.6998,5.2151,64.4014,4057.2857,17.9813,1226.2195
2020-04-02,6.6671,78.6329,15.7199,5.2475,64.5116,4113.381,18.2763,1230.6887
2020-04-03,6.6828,77.5074,15.7107,5.2643,64.7065,4104.2381,18.7118,1232.5652
2020-04-04,6.7004,76.9513,15.7107,5.2782,64.7065,4104.2381,18.8216,1234.9568
2020-04-05,6.7063,76.895,15.7107,5.2783,64.7065,4104.2381,18.8673,1235.2051
2020-04-06,6.7549,76.6022,15.7232,5.3022,64.9128,4114.2381,18.8659,1232.0868
2020-04-07,6.7676,75.9584,15.7606,5.2545,64.9855,4066.2381,18.4782,1222.0194
2020-04-08,6.7729,75.6134,15.7158,5.2146,65.0734,3827.5,18.2371,1217.288
2020-04-09,6.7475,74.8219,15.7177,5.157,65.13,3872.2727,18.1012,1217.3379
2020-04-10,6.7192,74.1941,15.7177,5.1274,65.13,3872.2727,18.0365,1214.5812
2020-04-11,6.7149,74.127,15.7177,5.1254,65.13,3872.2727,18.0282,1214.4182
2020-04-12,6.7146,74.0502,15.7177,5.1232,65.13,3872.2727,18.0234,1214.2316
2020-04-13,6.7299,74.0623,15.7178,5.1247,65.1778,3815.8636,18.0592,1215.1404
2020-04-14,6.7857,73.6083,15.7628,5.1741,65.3692,3838.9545,18.1925,1217.431
2020-04-15,6.8518,73.7754,15.7212,5.1943,65.4807,3857.4091,18.5458,1217.6663
2020-04-16,6.9179,74.4149,15.721,5.2397,65.5962,3905.9545,18.6546,1221.9176
2020-04-17,6.9311,74.1208,15.7204,5.2397,65.7301,4059.619,18.7561,1223.8307
2020-04-18,6.9322,74.0918,15.7204,5.2393,65.7301,4059.619,18.7727,1221.11
2020-04-19,6.9284,74.0803,15.7204,5.2385,65.7301,4059.619,18.7679,1220.1381
2020-04-20,6.9263,74.2902,15.7189,5.2529,65.8488,3861.1364,18.7798,1218.6566
2020-04-21,6.9567,75.5536,15.7222,5.2985,65.9653,3891.9545,18.8845,1225.7276
2020-04-22,6.9836,76.749,15.7167,5.3253,66.0582,4105.0476,18.9024,1232.4696
2020-04-23,6.9711,75.5947,15.7187,5.4091,66.2421,4078.619,19.0222,1230.3564
2020-04-24,6.9601,74.6617,15.7187,5.5214,66.322,4089.8571,19.0207,1232.1914
2020-04-25,6.9681,74.5703,15.7187,5.5703,66.322,4089.8571,19.0153,1233.0991
2020-04-26,6.9696,74.5582,15.7187,5.5758,66.322,4089.8571,19.0102,1233.5129
2020-04-27,6.982,74.433,15.7644,5.6185,66.4054,4095.0,18.9003,1228.5855
2020-04-28,6.9905,74.3143,15.7233,5.622,66.5186,4079.8095,18.7093,1222.273
2020-04-29,6.9829,73.8374,15.7192,5.5108,66.6466,4049.5714,18.4827,1220.8523
2020-04-30,6.98,73.3441,15.723,5.3979,66.7161,3983.9048,18.2243,1211.8044
2020-05-01,6.9914,73.5482,15.723,5.3886,66.7161,3983.9048,18.3151,1210.3055
2020-05-02,6.9956,73.7225,15.723,5.396,66.7161,3983.9048,18.3686,1211.5493
2020-05-03,6.9988,73.7606,15.723,5.3975,66.7161,3983.9048,18.3875,1211.4809
2020-05-04,7.0187,74.7732,15.7208,5.4812,66.8198,3990.0952,18.5574,1216.1941
2020-05-05,7.0629,74.6816,15.7569,5.5401,66.9385,3994.0,18.4894,1225.0492
2020-05-06,7.1279,74.1906,15.7645,5.5673,67.0024,3965.9048,18.5099,1223.4303
2020-05-07,7.177,74.158,15.7278,5.6991,67.0727,3995.619,18.6011,1222.8537
2020-05-08,7.1303,73.7551,15.7253,5.8116,67.1703,3982.2381,18.4931,1222.6162
2020-05-09,7.1146,73.6586,15.7253,5.8124,67.1703,3982.2381,18.4257,1221.1569
2020-05-10,7.1158,73.6396,15.7253,5.8105,67.1703,3982.2381,18.4158,1220.5741
2020-05-11,7.0919,73.6003,15.7139,5.7771,67.2886,3941.1905,18.3942,1221.2315
2020-05-12,7.0335,73.4488,15.7223,5.8027,67.3777,3933.5714,18.3418,1221.9343
2020-05-13,6.9867,73.3288,15.7237,5.8461,67.4225,3913.7143,18.3541,1224.3055
2020-05-14,6.9643,73.8472,15.7221,5.8978,67.521,3906.5714,18.5338,1227.1895
2020-05-15,6.9259,73.7499,15.7138,5.8645,67.6196,3918.7143,18.564,1231.2873
2020-05-16,6.9134,73.6356,15.7138,5.84,67.6196,3918.7143,18.5475,1232.1965
2020-05-17,6.9119,73.6331,15.7138,5.8379,67.6196,3918.7143,18.5482,1232.4621
2020-05-18,6.887,73.3605,15.7075,5.8292,67.696,3923.1429,18.4849,1232.3007
2020-05-19,6.8336,72.6804,15.7605,5.741,67.8223,3907.8571,18.3062,1226.8287
2020-05-20,6.7876,72.1035,15.7637,5.7212,67.9171,3900.381,18.1131,1226.5051
2020-05-21,6.7925,71.2853,15.7637,5.6913,67.9171,3900.381,17.9044,1228.6909
2020-05-22,6.8029,71.3532,15.7701,5.618,67.9739,3838.9048,17.7421,1234.7953
2020-05-23,6.8074,71.5602,15.7701,5.5912,67.9739,3838.9048,17.702,1238.4879
2020-05-24,6.8083,71.5791,15.7701,5.5843,67.9739,3838.9048,17.6864,1239.6342
2020-05-25,6.8128,71.5819,15.8363,5.5503,68.1684,3836.9048,17.638,1241.1782
2020-05-26,6.7754,71.2823,15.8372,5.4523,68.1713,3827.3333,17.4935,1235.815
2020-05-27,6.7607,70.9055,15.833,5.353,68.2638,3645.9091,17.4013,1234.7237
2020-05-28,6.7942,70.9172,15.8108,5.3051,68.3238,3711.2273,17.4305,1237.651
2020-05-29,6.8177,70.6447,15.8108,5.3492,68.3238,3711.2273,17.4777,1236.7655
2020-05-30,6.8228,70.561,15.8108,5.372,68.3238,3711.2273,17.5029,1236.3642
2020-05-31,6.8254,70.5382,15.8108,5.3787,68.3238,3711.2273,17.5126,1236.3125
2020-06-01,6.8198,69.9239,15.8108,5.3534,68.3238,3711.2273,17.4553,1230.2962
2020-06-02,6.7799,69.1109,15.9196,5.3456,68.6012,3792.6667,17.3148,1223.5866
2020-06-03,6.7385,68.6463,15.9409,5.2167,68.7322,3558.4545,17.0945,1219.713
2020-06-04,6.7489,68.9166,16.0403,5.097,68.7952,3662.5238,16.9632,1218.2521
2020-06-05,6.7626,68.9039,16.1411,5.0745,68.8792,3525.3636,16.8537,1210.5267
2020-06-06,6.7687,68.7117,16.1411,5.0595,68.8792,3525.3636,16.8373,1206.6061
2020-06-07,6.7701,68.6839,16.1411,5.0576,68.8792,3525.3636,16.8296,1206.2534
2020-06-08,6.7809,68.4262,16.207,4.973,68.9784,3642.7143,16.7869,1203.851
2020-06-09,6.7911,68.543,16.1541,4.8794,69.0539,3663.1429,16.7471,1199.5922
2020-06-10,6.7882,68.6948,16.1295,4.8865,69.172,3676.0,16.6026,1194.9908
2020-06-11,6.797,68.8264,16.1669,4.913,69.2453,3656.8095,16.7235,1194.0669
2020-06-12,6.8282,69.6068,16.1417,5.0037,69.3154,3736.4286,17.0189,1199.4501
2020-06-13,6.8283,69.6943,16.1417,5.0342,69.3154,3736.4286,17.0542,1201.3689
2020-06-14,6.8283,69.674,16.1417,5.0384,69.3154,3736.4286,17.0609,1202.2113
2020-06-15,6.8343,69.9484,16.1538,5.0926,69.3623,3765.381,17.1446,1207.9111
2020-06-16,6.8405,69.7132,16.1408,5.1333,69.3534,3794.619,17.1132,1211.191
2020-06-17,6.847,69.5635,16.1204,5.1861,69.6247,3710.0,17.1332,1210.0241
2020-06-18,6.8557,69.5981,16.1515,5.2612,69.6798,3802.5238,17.2767,1211.2332
2020-06-19,6.8567,69.5633,16.1277,5.3496,69.7159,3691.7727,17.3821,1209.8805
2020-06-20,6.8555,69.4407,16.1277,5.355,69.7159,3691.7727,17.3574,1208.8461
2020-06-21,6.8555,69.4141,16.1277,5.3555,69.7159,3691.7727,17.3634,1208.6185
2020-06-22,6.8517,69.3941,16.1528,5.3102,69.7976,3715.1364,17.3578,1209.7145
2020-06-23,6.8527,68.9767,16.1396,5.2424,69.9846,3709.1818,17.2718,1211.3739
2020-06-24,6.8541,68.9422,16.129,5.1833,70.0257,3717.7273,17.285,1204.1624
2020-06-25,6.8549,69.3167,16.117,5.2988,70.0837,3730.3636,17.3538,1203.9975
2020-06-26,6.8545,69.3321,16.1295,5.3748,70.1682,3696.5909,17.2744,1200.5571
2020-06-27,6.855,69.3925,16.1295,5.3975,70.1682,3696.5909,17.2634,1200.0885
2020-06-28,6.8548,69.4086,16.1295,5.4006,70.1682,3696.5909,17.2688,1200.3669
2020-06-29,6.8547,69.8588,16.1295,5.4354,70.1682,3696.5909,17.2543,1200.1689
2020-06-30,6.8544,70.4267,16.1368,5.4325,70.1943,3710.7273,17.3124,1201.017
2020-07-01,6.8507,71.1202,16.1215,5.4477,70.4314,3732.8636,17.2764,1203.1485
2020-07-02,6.8539,70.7192,16.1004,5.3569,70.4914,3710.4091,17.0314,1200.3894
2020-07-03,6.8566,70.7661,16.0957,5.3381,70.5865,3654.4545,16.9949,1199.5286
2020-07-04,6.8584,71.1071,16.0957,5.3506,70.5865,3654.4545,17.0257,1199.5544
2020-07-05,6.859,71.1464,16.0957,5.3506,70.5865,3654.4545,17.0353,1199.5264
2020-07-06,6.8632,71.612,16.0903,5.3174,70.6132,3643.0,17.0323,1195.7375
2020-07-07,6.864,71.7832,16.0335,5.3369,70.8147,3630.8636,17.0723,1194.1093
2020-07-08,6.8628,71.3679,15.9767,5.3648,70.8821,3608.5455,17.0391,1196.5082
2020-07-09,6.8647,70.9759,15.963,5.3462,70.9549,3573.5455,16.8872,1194.1328
2020-07-10,6.8613,70.9261,15.9604,5.3489,70.9383,3553.3636,16.8582,1199.4839
2020-07-11,6.8617,71.0423,15.9604,5.3606,70.9383,3553.3636,16.8606,1201.4013
2020-07-12,6.8616,71.0537,15.9604,5.3609,70.9383,3553.3636,16.8657,1201.3154
2020-07-13,6.8619,70.8573,15.9633,5.3438,70.9256,3594.6364,16.7963,1201.0657
2020-07-14,6.8652,70.9431,15.9108,5.3669,71.2033,3582.8182,16.7646,1202.351
2020-07-15,6.8646,70.9373,15.9327,5.352,71.3005,3581.2273,16.6383,1204.4216
2020-07-16,6.8574,71.0851,15.9327,5.3475,71.3005,3581.2273,16.6507,1204.1802
2020-07-17,6.8595,71.4315,15.9284,5.3445,71.3315,3579.5455,16.6672,1202.1182
2020-07-18,6.8599,71.6124,15.9284,5.3387,71.3315,3579.5455,16.6715,1202.7248
2020-07-19,6.86,71.6616,15.9284,5.337,71.3315,3579.5455,16.6755,1203.3677
2020-07-20,6.8585,71.7005,15.93,5.3625,71.4392,3578.4545,16.6805,1204.9258
2020-07-21,6.8501,71.1284,15.9376,5.3184,71.6536,3572.9091,16.5681,1200.1931
2020-07-22,6.8444,70.8044,15.9585,5.194,71.7399,3703.1429,16.4391,1196.0902
2020-07-23,6.8437,71.0653,15.9821,5.1387,71.7407,3662.1905,16.5223,1198.5801
2020-07-24,6.8427,71.4935,15.9628,5.1931,71.8324,3653.1905,16.6926,1201.7221
2020-07-25,6.8426,71.6509,15.9628,5.216,71.8324,3653.1905,16.7088,1202.5171
2020-07-26,6.843,71.6702,15.9628,5.2183,71.8324,3653.1905,16.7121,1202.774
2020-07-27,6.8542,71.6521,15.9599,5.2038,71.9018,3660.1429,16.5538,1199.595
2020-07-28,6.8957,71.9095,15.9703,5.1677,72.0534,3661.0,16.5016,1198.9859
2020-07-29,6.9596,72.4065,15.92,5.1527,72.1635,3656.2857,16.511,1196.323
2020-07-30,6.9782,73.0834,15.9458,5.1661,72.1654,3795.9,16.6847,1193.3773
2020-07-31,6.9779,73.7663,15.9436,5.1753,72.2653,3772.25,16.9092,1193.175
2020-08-01,6.9753,73.9165,15.9436,5.1701,72.2653,3772.25,16.969,1191.4593
2020-08-02,6.9753,73.9615,15.9436,5.1713,72.2653,3772.25,16.9746,1191.0498
2020-08-03,6.9771,74.0362,15.9415,5.2076,72.3075,3785.3,17.1315,1191.1649
2020-08-04,6.9648,73.6752,15.9443,5.2925,72.5086,3806.7,17.3033,1193.6219
2020-08-05,6.9961,73.2943,15.9431,5.2967,72.5879,3839.9,17.3123,1191.551
2020-08-06,7.1519,73.1412,15.9461,5.3039,72.6167,3689.619,17.4273,1187.0081
2020-08-07,7.2543,73.5229,15.9128,5.3528,72.7016,3700.8571,17.5428,1184.7769
2020-08-08,7.2551,73.5958,15.9128,5.3619,72.7016,3700.8571,17.5659,1185.3962
2020-08-09,7.2607,73.6051,15.9128,5.363,72.7016,3700.8571,17.5759,1185.9251
2020-08-10,7.2898,73.6327,15.9374,5.4081,72.7532,3734.6667,17.6602,1187.2214
2020-08-11,7.2677,73.1768,15.986,5.4409,72.9469,3793.2381,17.5893,1185.6788
2020-08-12,7.2848,73.088,15.9423,5.4128,73.0092,3779.0952,17.4662,1184.0591
2020-08-13,7.327,73.4878,15.9239,5.4277,73.059,3774.7143,17.4364,1184.052
2020-08-14,7.3566,73.3075,15.8727,5.3842,73.1171,3777.7143,17.4339,1185.5566
2020-08-15,7.3683,73.2083,15.8727,5.3893,73.1171,3777.7143,17.4261,1186.2211
2020-08-16,7.3705,73.219,15.8727,5.3903,73.1171,3777.7143,17.4231,1186.3667
2020-08-17,7.3864,73.2448,15.8964,5.4183,73.1616,3793.9524,17.4363,1186.6482
2020-08-18,7.3878,73.3157,15.8837,5.4651,73.1694,3825.7143,17.4146,1184.3014
2020-08-19,7.3584,73.2442,15.8738,5.4654,73.3853,3791.5714,17.2747,1182.1737
2020-08-20,7.3268,73.6169,15.8723,5.5393,73.5005,3734.5238,17.2354,1185.1441
2020-08-21,7.2989,74.1642,15.898,5.5907,73.5117,3742.0952,17.2432,1189.9569
2020-08-22,7.3017,74.4031,15.898,5.5885,73.5117,3742.0952,17.228,1191.1933
2020-08-23,7.3001,74.4492,15.898,5.5892,73.5117,3742.0952,17.2222,1191.2287
2020-08-24,7.3436,74.4974,15.8971,5.597,73.5702,3766.0952,17.0526,1187.6704
2020-08-25,7.3867,74.6476,15.8598,5.5868,73.7495,3930.85,16.8597,1187.9791
2020-08-26,7.3713,75.3785,15.8665,5.5473,73.7949,3922.2,16.8112,1187.0556
2020-08-27,7.3506,75.3289,15.8332,5.5861,73.8189,3747.1905,16.911,1186.8072
2020-08-28,7.3281,74.6856,15.8119,5.5494,73.918,3734.619,16.8143,1184.4669
2020-08-29,7.3248,74.4388,15.8119,5.5166,73.918,3734.619,16.7195,1182.9327
2020-08-30,7.324,74.4025,15.8119,5.5132,73.918,3734.619,16.7005,1182.5683
2020-08-31,7.3389,74.0724,15.8327,5.4393,73.9962,3713.9048,16.713,1184.0887
2020-09-01,7.3537,73.8103,15.8332,5.4474,74.1605,3697.4286,16.73,1186.942
2020-09-02,7.3737,73.9933,15.8362,5.3967,74.238,3669.4762,16.7317,1186.3851
2020-09-03,7.4177,75.0689,15.7825,5.3664,74.3208,3673.5714,16.7736,1188.7202
2020-09-04,7.4407,75.1948,15.7707,5.31,74.3952,3684.3333,16.6603,1189.9614
2020-09-05,7.4439,75.1725,15.7707,5.2958,74.3952,3684.3333,16.6104,1189.6637
2020-09-06,7.4447,75.1762,15.7707,5.2965,74.3952,3684.3333,16.6086,1189.6193
2020-09-07,7.4499,75.411,15.7781,5.3008,74.4,3684.5714,16.6386,1189.3044
2020-09-08,7.4695,75.9321,15.7611,5.3226,74.6371,3682.0952,16.8282,1189.3831
2020-09-09,7.4894,76.0815,15.7663,5.3463,74.6779,3698.3333,16.8159,1189.2679
2020-09-10,7.4737,75.4015,15.7544,5.3082,74.7683,3656.5238,16.7318,1185.8326
2020-09-11,7.4636,74.9696,15.6953,5.3016,74.8523,3642.8095,16.7768,1185.0623
2020-09-12,7.4691,74.9125,15.6953,5.2954,74.8523,3642.8095,16.7617,1185.4815
2020-09-13,7.4712,74.9017,15.6953,5.2953,74.8523,3642.8095,16.7536,1186.059
2020-09-14,7.4854,75.0781,15.7253,5.3061,74.8869,3658.7619,16.6962,1183.7794
2020-09-15,7.4913,75.1911,15.7432,5.2744,75.1234,3652.4286,16.5595,1180.142
2020-09-16,7.4936,74.8994,15.6994,5.2574,75.1741,3619.0952,16.3693,1177.0502
2020-09-17,7.5308,75.0461,15.7148,5.2489,75.251,3626.381,16.3047,1172.1189
2020-09-18,7.5546,75.1805,15.7148,5.2591,75.251,3626.381,16.2316,1166.7234
2020-09-19,7.5626,75.2709,15.7148,5.2638,75.251,3626.381,16.2251,1163.2868
2020-09-20,7.5664,75.2937,15.7148,5.2648,75.251,3626.381,16.2182,1162.6863
2020-09-21,7.5931,75.8661,15.6788,5.3434,75.3044,3639.7143,16.507,1165.9573
2020-09-22,7.6387,76.2452,15.6888,5.4293,75.5455,3864.15,16.7493,1161.859
2020-09-23,7.6757,76.3317,15.7355,5.4805,75.6751,3867.0,16.9108,1165.3984
2020-09-24,7.665,77.0278,15.72,5.5577,75.7209,3907.2,17.034,1170.1461
2020-09-25,7.6217,77.3185,15.7133,5.5413,75.6984,3752.4762,17.0156,1174.4547
2020-09-26,7.6282,77.5498,15.7133,5.538,75.6984,3752.4762,17.0463,1175.0545
2020-09-27,7.6293,77.5899,15.7133,5.5397,75.6984,3752.4762,17.0546,1174.9808
2020-09-28,7.7363,78.4344,15.7525,5.5567,75.8333,3935.75,17.0951,1172.9469
2020-09-29,7.8189,79.0452,15.7152,5.6225,76.0611,3920.95,17.0381,1168.7706
2020-09-30,7.7828,78.579,15.7018,5.641,76.0873,3922.3,16.867,1168.8633
2020-10-01,7.734,77.6081,15.7096,5.6281,76.1498,3753.0952,16.6761,1166.8398
2020-10-02,7.7439,77.86,15.7039,5.6329,76.2175,3925.2,16.5959,1161.7114
2020-10-03,7.7551,78.2866,15.7039,5.6394,76.2175,3925.2,16.5668,1162.6556
2020-10-04,7.7549,78.3502,15.7039,5.639,76.2175,3925.2,16.5576,1163.207
2020-10-05,7.7625,78.4159,15.7156,5.6526,76.927,3954.05,16.4846,1161.3748
2020-10-06,7.777,78.2604,15.6675,5.5854,77.0456,3782.5714,16.5535,1161.5831
2020-10-07,7.8329,78.021,15.6804,5.5658,77.1132,3796.9048,16.588,1158.2982
2020-10-08,7.9126,77.8904,15.6753,5.5946,77.0397,3785.9524,16.6096,1153.78
2020-10-09,7.915,77.2017,15.6754,5.5875,77.1035,3796.4286,16.5081,1148.9683
2020-10-10,7.8975,77.0774,15.6754,5.5766,77.1035,3796.4286,16.4756,1146.3248
2020-10-11,7.8973,77.0555,15.6754,5.5755,77.1035,3796.4286,16.4756,1145.7113
2020-10-12,7.8857,76.9935,15.6754,5.5458,77.1035,3796.4286,16.5007,1147.293
2020-10-13,7.8862,76.9865,15.6734,5.5404,77.1366,3790.7143,16.4816,1147.9575
2020-10-14,7.9259,77.2238,15.6496,5.5665,77.3676,3798.381,16.5024,1145.0611
2020-10-15,7.9334,77.8463,15.6458,5.5947,77.4549,3802.6667,16.6191,1146.1413
2020-10-16,7.9374,78.0729,15.6379,5.6188,77.4792,3818.619,16.5921,1145.3647
2020-10-17,7.9376,78.0134,15.6379,5.6197,77.4792,3818.619,16.5521,1143.4725
2020-10-18,7.9355,78.0087,15.6379,5.6215,77.4792,3818.619,16.5435,1143.3301
2020-10-19,7.9068,77.8269,15.663,5.6272,77.4761,3788.9524,16.4897,1142.5156
2020-10-20,7.885,77.6971,15.662,5.598,77.5856,3753.6667,16.4935,1139.6475
2020-10-21,7.8537,77.3339,15.6643,5.5869,77.6565,3746.0,16.4318,1136.2445
2020-10-22,7.8776,76.9232,15.6563,5.6003,77.7076,3733.6667,16.3036,1134.4766
2020-10-23,7.9546,76.474,15.6973,5.5915,78.0629,3721.0,16.2199,1131.3126
2020-10-24,7.9615,76.371,15.6973,5.5852,78.0629,3721.0,16.1984,1129.4531
2020-10-25,7.9648,76.3701,15.6973,5.5859,78.0629,3721.0,16.2015,1129.2494
2020-10-26,8.0291,76.3736,15.6735,5.6144,78.0843,3703.4286,16.2237,1130.0979
2020-10-27,8.1327,76.5488,15.6635,5.6362,78.1916,3897.85,16.1776,1129.4742
2020-10-28,8.2341,77.7015,15.6889,5.6857,78.3012,3860.25,16.2731,1129.9066
2020-10-29,8.2954,79.0709,15.6996,5.7504,78.2603,3877.8,16.4076,1132.624
2020-10-30,8.3383,79.182,15.6627,5.7749,78.2978,3852.25,16.3261,1133.3998
2020-10-31,8.3576,79.1048,15.6627,5.7734,78.2978,3852.25,16.2845,1133.2727
2020-11-01,8.3623,79.1105,15.6627,5.7738,78.2978,3852.25,16.2815,1133.2901
2020-11-02,8.3984,79.8793,15.6671,5.7525,78.288,3859.6,16.2558,1133.9651
2020-11-03,8.4656,79.9675,15.7166,5.7327,78.6472,3845.85,16.1104,1131.9842
2020-11-04,8.4646,79.0619,15.6753,5.7186,78.9313,3792.65,16.0676,1133.3102
2020-11-05,8.4422,78.068,15.6753,5.6494,78.9313,3792.65,15.8754,1127.422
2020-11-06,8.4945,77.7054,15.6753,5.559,78.9313,3792.65,15.7498,1123.2153
2020-11-07,8.5303,77.7796,15.6753,5.5363,78.9313,3792.65,15.7068,1122.3817
2020-11-08,8.5229,77.7413,15.6753,5.531,78.9313,3792.65,15.6987,1122.1299
2020-11-09,8.2226,76.9485,15.6753,5.398,78.9313,3792.65,15.5136,1117.287
2020-11-10,8.1693,76.2528,15.6153,5.3485,79.3421,3589.2857,15.4587,1114.2916
2020-11-11,8.0701,76.5023,15.6242,5.3876,79.4259,3623.3333,15.5952,1116.67
2020-11-12,7.8119,76.9049,15.5944,5.4046,79.4774,3606.7619,15.6374,1114.3166
2020-11-13,7.682,77.3412,15.601,5.4389,79.562,3606.8095,15.603,1112.2704
2020-11-14,7.677,77.4157,15.601,5.4591,79.562,3606.8095,15.566,1110.7839
2020-11-15,7.6772,77.4348,15.601,5.4618,79.562,3606.8095,15.5689,1110.5762
2020-11-16,7.7097,77.0839,15.6024,5.4543,79.6985,3650.9524,15.456,1109.068
2020-11-17,7.7412,76.4208,15.6164,5.4104,79.9854,3656.4762,15.3886,1107.7273
2020-11-18,7.7136,76.0497,15.5809,5.3444,79.9844,3652.619,15.3971,1106.1294
2020-11-19,7.646,76.1302,15.5859,5.3309,80.1374,3610.0,15.4638,1109.5995
2020-11-20,7.5955,76.2273,15.5646,5.3329,80.2772,3612.4762,15.4128,1115.8684
2020-11-21,7.6164,76.1603,15.5646,5.3354,80.2772,3612.4762,15.3859,1115.6432
2020-11-22,7.6193,76.1487,15.5646,5.3368,80.2772,3612.4762,15.3831,1115.6428
2020-11-23,7.7308,76.0283,15.5641,5.3698,80.3323,3626.4286,15.3361,1114.6385
2020-11-24,7.9129,75.9778,15.5968,5.404,80.3736,3647.4286,15.3379,1111.113
2020-11-25,7.97,75.6626,15.6412,5.373,80.6712,3680.1429,15.2432,1107.6423
2020-11-26,7.9109,75.6729,15.6432,5.3326,80.8042,3674.6667,15.2117,1106.1685
2020-11-27,7.8385,75.8793,15.6199,5.3361,80.887,3647.619,15.2356,1106.7696
2020-11-28,7.8227,76.0425,15.6199,5.347,80.887,3647.619,15.2594,1106.02
2020-11-29,7.8228,76.0661,15.6199,5.3502,80.887,3647.619,15.2593,1105.7422
2020-11-30,7.8011,76.1204,15.6053,5.3416,81.0455,3650.9048,15.3244,1104.3909
2020-12-01,7.8266,76.098,15.6654,5.3244,81.2807,3653.7619,15.3525,1108.4158
2020-12-02,7.8453,75.6699,15.6187,5.2464,81.3876,3619.8095,15.3293,1104.1609
2020-12-03,7.8313,75.0957,15.6094,5.2089,81.4822,3596.8571,15.3011,1095.67
2020-12-04,7.7876,74.3823,15.625,5.1578,81.5651,3418.3182,15.2063,1087.7961
2020-12-05,7.7864,74.1788,15.625,5.1539,81.5651,3418.3182,15.1971,1085.9243
2020-12-06,7.7876,74.15,15.625,5.1551,81.5651,3418.3182,15.1957,1085.6566
2020-12-07,7.8166,74.0522,15.6371,5.1439,81.6168,3398.2273,15.1924,1085.3419
2020-12-08,7.8219,73.5867,15.6371,5.1151,81.6168,3398.2273,15.0909,1085.0235
2020-12-09,7.8246,73.4331,15.6771,5.1096,81.6689,3546.7619,14.9882,1084.4052
2020-12-10,7.8491,73.5497,15.6464,5.1273,82.0699,3521.1905,14.997,1087.4502
2020-12-11,7.8923,73.1399,15.7004,5.0663,82.0329,3418.0879,15.0549,1089.6173
2020-12-12,7.8779,73.1147,15.6862,5.0487,82.0567,3410.0335,15.0961,1090.8605
2020-12-13,7.8687,73.1271,15.6919,5.0554,82.0226,3413.2515,15.0961,1092.1588
2020-12-14,7.8544,73.0045,15.6888,5.0532,82.1436,3455.0034,15.0207,1092.1137
2020-12-15,7.8557,73.2551,15.6801,5.0625,82.2893,3460.4312,14.9842,1091.9276
2020-12-16,7.8146,73.4749,15.7373,5.0981,82.648,3451.5944,14.8746,1093.8283
2020-12-17,7.759,73.1407,15.7095,5.092,82.6336,3396.6487,14.7364,1094.3368
2020-12-18,7.6883,73.247,15.7086,5.077,82.6493,3432.5193,14.6008,1097.0978
2020-12-19,7.6671,73.374,15.7045,5.0858,82.651,3431.8366,14.5618,1098.0067
2020-12-20,7.6639,73.4486,15.6996,5.0938,82.6518,3422.0702,14.5798,1098.718
2020-12-21,7.6623,74.5245,15.6568,5.1255,82.7333,3427.3402,14.7238,1104.4161
2020-12-22,7.6425,75.2461,15.7422,5.1518,82.9479,3445.1175,14.647,1107.8329
2020-12-23,7.6357,75.3838,15.6764,5.1511,83.1337,3453.8064,14.5919,1106.9798
2020-12-24,7.611,74.7552,15.6845,5.1921,83.3324,3458.706,14.5903,1104.069
2020-12-25,7.5854,74.3726,15.6753,5.2054,83.3334,3468.6131,14.6164,1103.0412
2020-12-26,7.5776,74.2723,15.6766,5.2026,83.3415,3473.1147,14.6226,1102.8901
2020-12-27,7.5739,74.1136,15.6786,5.199,83.3425,3487.8629,14.6486,1102.3611
2020-12-28,7.4788,73.7316,15.6824,5.1955,83.3825,3541.9076,14.578,1097.5607
2020-12-29,7.4064,73.6513,15.6947,5.2102,83.7285,3527.7066,14.6359,1094.7308
2020-12-30,7.3625,74.1712,15.7204,5.2001,83.9051,3507.64,14.6524,1091.1658
2020-12-31,7.4022,74.5237,15.7005,5.1883,84.0155,3471.9557,14.6595,1087.6029
2021-01-01,7.41712302,74.36919231,15.72216473,5.19269282,84.10995814,3448.89944895,14.67493232,1088.00483572
2021-01-02,7.41965168,74.33591287,15.73549622,5.1929542,84.1304581,3438.97401064,14.67225382,1087.92411236
2021-01-03,7.42083852,74.28003331,15.73671168,5.19262045,84.16597777,3426.79589688,14.66118134,1087.73595857
2021-01-04,7.39588298,73.99923705,15.71204932,5.18217543,84.14642077,3395.85309828,14.61081199,1086.14703543
2021-01-05,7.39300816,74.03193563,15.7033032,5.21738902,84.36416163,3447.12080429,14.72276811,1085.67304416
2021-01-06,7.373458,74.31119141,15.69009166,5.30795436,84.67987852,3472.67470418,14.9727769,1087.209059
2021-01-07,7.31683125,73.97816878,15.69332706,5.29238793,84.60969069,3457.86047502,15.17221835,1089.41897591
2021-01-08,7.3452718,74.3560889,15.6826524,5.34553422,84.76762278,3464.865901,15.32295836,1093.10335701
2021-01-09,7.36379126,74.28758685,15.67280252,5.3834395,84.91785039,3473.63582013,15.29125278,1092.90395568
2021-01-10,7.36442082,74.28247863,15.67093397,5.38441172,84.93893948,3477.60867003,15.2826737,1092.82836551
2021-01-11,7.39499902,74.37867315,15.67030125,5.40238988,84.94883277,3455.887098,15.38018327,1096.14335895
2021-01-12,7.45717661,74.53967408,15.65727464,5.47555945,85.21765257,3446.62261467,15.4689686,1098.23346629
2021-01-13,7.46290974,73.96689212,15.68608344,5.42802017,85.49353126,3466.90044431,15.33248427,1098.59583888
2021-01-14,7.41214122,73.63005249,15.68313271,5.32113668,85.8397578,3487.90806782,15.22511454,1097.32700039
2021-01-15,7.38583977,73.40811893,15.68716383,5.25369735,85.7331446,3486.95108661,15.15510942,1098.27396318
2021-01-16,7.43064681,73.45892105,15.6811042,5.24374951,85.72045297,3481.97454527,15.19396941,1100.54963511
2021-01-17,7.43448071,73.46297127,15.67823539,5.24390637,85.69970559,3480.98825062,15.1990136,1100.63204117
2021-01-18,7.46392498,73.71291509,15.66086401,5.26828043,85.75766966,3469.06262734,15.23063757,1102.91491204
2021-01-19,7.47306458,73.93302584,15.67206385,5.28633357,85.87079575,3480.47054398,15.11621818,1103.56374475
2021-01-20,7.44619387,73.67894427,15.71426662,5.30912418,86.18141191,3486.36716553,14.94217745,1101.96678818
2021-01-21,7.40765328,73.59249439,15.73887616,5.31782758,86.33880935,3485.34417332,14.89295198,1101.73825353
2021-01-22,7.38712662,74.06282659,15.70898311,5.32761536,86.33345711,3462.34010119,14.96361267,1102.0076614
2021-01-23,7.40777954,74.64703017,15.7044914,5.38458213,86.35841584,3476.01577264,15.06763046,1104.04327108
2021-01-24,7.41243056,74.71518636,15.71004529,5.39036245,86.39032647,3479.96254451,15.08367568,1104.61321782
2021-01-25,7.40518364,75.11189138,15.7139243,5.43668946,86.50075694,3537.35775744,15.13728837,1103.81803096
2021-01-26,7.38648559,75.39323124,15.7197011,5.45907636,86.65159096,3584.85521169,15.19531426,1102.74243383
2021-01-27,7.36315247,75.30665154,15.72481707,5.39982456,86.90964867,3612.48040207,15.14181295,1104.79505611
2021-01-28,7.37697602,75.75150885,15.72816267,5.38587034,87.06435333,3632.12910073,15.2157299,1109.17420536
2021-01-29,7.34995083,76.05364551,15.72488331,5.44058452,87.1918137,3585.75194261,15.15706871,1116.13824228
2021-01-30,7.35024838,76.03557023,15.72404386,5.48444199,87.23073947,3560.38877445,15.12195282,1122.50112975
2021-01-31,7.34923959,76.01095522,15.72186068,5.49109723,87.24179154,3533.18937434,15.12868669,1123.05654613
2021-02-01,7.26088656,75.730481,15.7334275,5.46946558,87.26419913,3522.13859804,15.09088667,1118.1654185
2021-02-02,7.18444245,75.81610417,15.72279904,5.44230374,87.4192909,3585.59712836,15.01285858,1116.72075653
2021-02-03,7.17477295,75.75053486,15.69891553,5.38237597,87.58683242,3551.20417836,14.96056342,1115.30624672
2021-02-04,7.15223888,75.78744063,15.68611087,5.35785937,87.74743681,3519.24116179,14.97325492,1115.91766042
2021-02-05,7.12413526,75.55649193,15.69925986,5.38582003,87.80072301,3530.58544338,15.00384561,1120.24979061
2021-02-06,7.113204,75.46419104,15.70300736,5.39129161,87.8065286,3531.5065203,14.99297359,1120.95178383
2021-02-07,7.113204,75.46419104,15.70300736,5.39129161,87.8065286,3531.5065203,14.99297359,1120.95178383
2021-02-08,7.0956165,74.93746043,15.67273946,5.3853034,87.88262713,3535.02819885,14.95186432,1120.02714982
2021-02-09,7.08182048,74.25475413,15.66400646,5.38239138,88.05792222,3544.38567924,14.84467071,1117.49360014
2021-02-10,7.06899542,73.99224895,15.65902004,5.39540448,88.25514792,3589.65646373,14.74662489,1111.83225296
2021-02-11,7.04645726,73.81865304,15.63910664,5.38976778,88.30735089,3585.54244931,14.69071256,1106.57711974
2021-02-12,7.02840151,73.83052676,15.61602209,5.37439495,88.36729403,3565.98272093,14.62944809,1104.4375908
2021-02-13,7.03034261,74.00248409,15.61536299,5.38196606,88.38188987,3555.20976328,14.58824683,1104.67974541
2021-02-14,7.03135812,74.01356469,15.6159059,5.38401975,88.38831178,3547.09669069,14.57993552,1104.83663062
2021-02-15,7.00581167,73.68284412,15.57959205,5.37382254,88.47045061,3499.6280345,14.50063075,1102.81659697
2021-02-16,6.95925878,73.33452264,15.57774417,5.36680253,88.49140069,3473.10022953,14.47454779,1102.35457041
2021-02-17,6.98085475,73.6649646,15.62017842,5.37362129,88.49556544,3519.54645322,14.64998085,1105.80123517
2021-02-18,6.9733001,73.84846932,15.62725135,5.39323893,88.6232461,3544.42222636,14.64773497,1107.46198069
2021-02-19,6.96814154,73.86890481,15.63856961,5.41757218,88.8049389,3539.61295037,14.61131502,1107.83964397
2021-02-20,6.9654658,73.92004408,15.64354657,5.41598422,88.89430938,3546.04482103,14.65388504,1106.85594375
2021-02-21,6.96795281,73.91672696,15.64639094,5.41419923,88.95190649,3547.81919674,14.6586086,1106.51602578
2021-02-22,6.98943505,74.20255446,15.66135406,5.41938369,89.07085417,3550.47554246,14.72366104,1108.57523318
2021-02-23,7.03729943,74.39585351,15.6723546,5.46955343,89.17713429,3572.67945225,14.70890108,1112.30232266
2021-02-24,7.09560924,73.88817169,15.66294912,5.4360738,89.48801691,3578.96152355,14.5847263,1110.35119166
2021-02-25,7.19164307,73.70406534,15.65153491,5.4174356,89.5947781,3572.7068597,14.61426584,1110.12790108
2021-02-26,7.31618365,74.1244439,15.66755268,5.46850931,89.67329138,3571.82294391,14.90995348,1116.41637511
2021-02-27,7.39325977,74.50917566,15.66898392,5.51060551,89.69679014,3586.41652803,15.02280472,1122.30922122
2021-02-28,7.40763961,74.55569793,15.67889032,5.51213409,89.72194109,3593.20934436,15.04268721,1123.82258146
2021-03-01,7.36368708,74.36394692,15.68161188,5.5465444,89.75195862,3611.74674452,15.03532973,1123.85408909
2021-03-02,7.29530874,74.09484579,15.72660764,5.61304351,89.84649286,3623.83517002,15.02750186,1123.52187613
2021-03-03,7.35775975,73.85109364,15.6867286,5.68470844,90.11951874,3639.21993712,14.98940593,1124.15729759
2021-03-04,7.43351181,73.84579954,15.67721833,5.68232324,90.32542696,3666.54065607,15.05803616,1124.70585239
2021-03-05,7.4761238,73.99612721,15.67553848,5.63459769,90.23955935,3659.64293261,15.21506507,1127.43250161
2021-03-06,7.49391297,74.33758142,15.6741932,5.66803318,90.25958252,3651.81304913,15.28953392,1128.08713539
2021-03-07,7.49319451,74.36654204,15.67289634,5.67358022,90.24306502,3647.91681577,15.29587009,1128.29687099
2021-03-08,7.58052211,74.46679564,15.69098251,5.70108033,90.27426862,3645.55302403,15.38575237,1132.46984245
2021-03-09,7.67320046,74.38463562,15.72112391,5.77973964,90.47690964,3641.90200759,15.42615234,1138.52411603
2021-03-10,7.60989535,73.96945708,15.73084395,5.817662,90.66481688,3617.65001345,15.29789249,1139.6062421
2021-03-11,7.52130882,73.73795061,15.71790781,5.73038696,90.71872123,3559.41420136,15.07584341,1137.77903633
2021-03-12,7.50688992,73.48286699,15.69151386,5.59151016,90.72225274,3558.68381986,14.92202709,1133.79734623
2021-03-13,7.5440927,73.4294717,15.6839537,5.5565348,90.6653132,3572.44056336,14.92521151,1134.84661011
2021-03-14,7.55391418,73.42688523,15.68113126,5.55670483,90.66467204,3569.15278343,14.92670348,1135.24408285
2021-03-15,7.55554957,73.28861612,15.67703074,5.56570852,90.73457761,3570.42626551,14.91255704,1136.00801923
2021-03-16,7.52394011,72.9696668,15.69246035,5.59899376,90.95011335,3580.86378081,14.86879871,1132.72051054
2021-03-17,7.50839286,73.0570944,15.70723392,5.61574905,91.08992846,3573.12246014,14.85429465,1131.09235789
2021-03-18,7.47274777,73.72826548,15.68755072,5.61844912,91.17145338,3586.0270653,14.76377939,1127.97538618
2021-03-19,7.32930812,74.06464285,15.69990665,5.55994579,91.29006062,3586.07825835,14.74087194,1129.0468277
2021-03-20,7.2619449,74.1438958,15.6956603,5.53796372,91.31340933,3579.33999457,14.71748488,1130.25922675
2021-03-21,7.34646508,74.14407292,15.69135174,5.53535421,91.32399515,3571.75089302,14.73683793,1130.33385558
2021-03-22,7.68362717,74.25382573,15.67885927,5.50594789,91.29788565,3562.63202712,14.75691088,1128.62579389
2021-03-23,7.82790781,75.02376111,15.70097083,5.50875675,91.36907908,3568.41807781,14.76396239,1127.5521807
2021-03-24,7.90097677,76.02980983,15.74127273,5.51672281,91.5822941,3593.30943588,14.82686965,1131.09300128
2021-03-25,7.94129572,76.19834225,15.72703203,5.56474625,91.55470128,3625.25224047,14.89956271,1132.78885435
2021-03-26,7.98998503,76.20377262,15.72784751,5.65906716,91.62395725,3649.89148113,14.99411347,1133.57714887
2021-03-27,8.04075658,75.98379145,15.71692063,5.68262707,91.69521561,3658.42537312,14.9922656,1131.76302987
2021-03-28,8.05129681,75.96309099,15.71506533,5.68444393,91.73916978,3663.25264164,14.99419037,1131.51978159
2021-03-29,8.10044693,75.94366574,15.72294919,5.73182926,91.84363549,3669.15146893,14.98924097,1131.5949581
2021-03-30,8.23437007,75.8745811,15.71196626,5.76848323,91.88977448,3695.68581871,14.94217283,1133.54243523
2021-03-31,8.3123926,75.81301429,15.75613494,5.73296219,91.9614216,3707.62554707,14.8724694,1132.58713863
